{"3": {"x": 0.47833333333333333, "y": 0.8128125}, "4": {"x": 0.325, "y": 0.8203125}, "1": {"x": 0.48333333333333334, "y": 0.6578125}, "2": {"x": 0.3333333333333333, "y": 0.7328125}, "5": {"x": 0.245, "y": 0.7378125}}