{"3": {"x": 0.47833333333333333, "y": 0.8128125}, "4": {"x": 0.325, "y": 0.8203125}}