{"3": {"x": 407.001953125, "y": 583.00390625}, "4": {"x": 404.001953125, "y": 431.00390625}, "1": {"x": 455, "y": 538.125}, "2": {"x": 514.001953125, "y": 582.00390625}, "5": {"x": 355, "y": 470.125}, "7": {"x": 519, "y": 435.125}}